,,s
05:06,e,as
05:18,e,as
05:31,e,as
05:43,e,as
05:50,e,w
05:55,}s,쒬
05:59,e,ΐ_
06:02,}s,aJ
06:07,e,aJ
06:11,}s,as
06:14,e,
06:22,e,aJ
06:24,}s,aJ
06:27,e,as
06:34,e,aJ
06:37,e,as
06:43,e,aJ
06:48,}s,u
06:54,e,as
06:56,}s,쒬
07:02,e,aJ
07:05,e,aJ
07:07,}s,w
07:11,e,as
07:18,e,aJ
07:20,}s,as
07:26,e,
07:33,e,r
07:36,e,aJ
07:38,}s,u
07:41,e,w
07:49,e,as
07:52,e,aJ
07:54,}s,aJ
07:57,e,ےJ
08:04,e,as
08:08,e,r
08:10,}s,as
08:13,e,aJ
08:17,e,aJ
08:19,}s,zs
08:23,}s,w
08:26,e,as
08:35,e,
08:38,}s,as
08:42,e,aJ
08:47,}s,as
08:51,e,r
08:53,}s,as
08:57,e,aJ
09:04,e,w
09:06,e,ےJ
09:09,}s,as
09:12,e,r
09:18,}s,zs
09:21,e,aJ
09:23,}s,aJ
09:27,e,as
09:35,e,aJ
09:38,}s,as
09:42,e,r
09:47,}s,as
09:51,e,aJ
09:53,}s,as
09:57,e,as
10:05,e,aJ
10:08,}s,as
10:12,e,aJ
10:17,}s,zs
10:21,e,r
10:23,}s,as
10:27,e,as
10:35,e,aJ
10:38,}s,as
10:42,e,ΐ_
10:47,}s,as
10:51,e,as
10:53,}s,aJ
10:57,e,r
11:05,e,aJ
11:08,}s,as
11:12,e,ΐ_
11:17,}s,zs
11:21,e,as
11:23,}s,aJ
11:28,e,r
11:36,e,aJ
11:38,}s,as
11:42,e,ΐ_
11:47,}s,as
11:51,e,as
11:53,}s,aJ
11:57,e,r
12:05,e,aJ
12:08,}s,as
12:12,e,ΐ_
12:17,}s,zs
12:21,e,as
12:23,}s,aJ
12:27,e,r
12:35,e,aJ
12:38,}s,as
12:42,e,ΐ_
12:47,}s,as
12:51,e,as
12:53,}s,aJ
12:57,e,r
13:05,e,aJ
13:08,}s,as
13:12,e,ΐ_
13:17,}s,zs
13:21,e,as
13:23,}s,aJ
13:27,e,r
13:35,e,aJ
13:38,}s,as
13:42,e,ΐ_
13:47,}s,as
13:51,e,as
13:53,}s,aJ
13:57,e,r
14:05,e,aJ
14:08,}s,as
14:12,e,ΐ_
14:17,}s,zs
14:21,e,as
14:23,}s,aJ
14:27,e,r
14:35,e,aJ
14:38,}s,as
14:42,e,ΐ_
14:47,}s,as
14:51,e,as
14:53,}s,aJ
14:57,e,r
15:05,e,aJ
15:08,}s,as
15:12,e,ΐ_
15:17,}s,u
15:21,e,r
15:23,}s,aJ
15:27,e,as
15:35,e,aJ
15:38,}s,as
15:42,e,ΐ_
15:47,}s,r
15:51,e,as
15:52,}s,aJ
15:56,e,as
16:05,e,aJ
16:08,}s,as
16:12,e,
16:17,}s,zs
16:21,e,as
16:23,}s,aJ
16:27,e,as
16:35,e,aJ
16:38,}s,as
16:42,e,w
16:47,}s,as
16:52,e,aJ
16:53,}s,aJ
16:57,e,r
17:04,e,aJ
17:07,e,є\
17:09,}s,as
17:13,e,aJ
17:18,}s,r
17:23,e,aJ
17:24,}s,ΐ_
17:28,e,as
17:36,e,as
17:38,}s,aJ
17:43,e,є\
17:48,}s,r
17:52,e,aJ
17:54,}s,ΐ_
17:58,e,w
18:06,e,as
18:09,}s,ΐ_
18:13,e,aJ
18:18,}s,r
18:22,e,as
18:24,}s,zs
18:28,e,aJ
18:35,e,as
18:39,}s,ΐ_
18:44,e,aJ
18:49,}s,aJ
18:52,e,w
18:54,}s,as
18:59,e,aJ
19:06,e,
19:09,}s,zs
19:13,e,aJ
19:19,}s,u
19:23,e,aJ
19:24,}s,as
19:29,e,as
19:36,e,ےJ
19:39,}s,w
19:43,e,aJ
19:49,}s,aJ
19:52,e,aJ
19:54,}s,as
19:59,e,
20:08,e,aJ
20:10,}s,zs
20:14,e,aJ
20:16,}s,
20:23,e,aJ
20:25,}s,as
20:29,e,as
20:37,e,aJ
20:39,}s,as
20:43,e,aJ
20:46,}s,Xь
20:50,e,aJ
20:55,}s,Xь
20:59,e,as
21:06,e,aJ
21:09,}s,aJ
21:13,e,aJ
21:15,}s,as
21:21,e,aJ
21:25,}s,w
21:29,e,as
21:37,e,aJ
21:39,}s,as
21:43,e,as
21:45,}s,as
21:50,e,aJ
21:54,}s,as
21:59,e,aJ
22:07,e,aJ
22:09,}s,as
22:13,e,as
22:21,e,aJ
22:24,}s,w
22:29,e,as
22:35,}s,aJ
22:37,e,aJ
22:40,}s,Xь
22:43,e,aJ
22:45,}s,ΐ_
22:52,e,as
22:59,e,aJ
23:02,}s,
23:06,e,as
23:11,e,aJ
23:13,}s,w
23:17,e,as
23:25,e,as
23:27,}s,aJ
23:35,}s,as
23:39,e,as
23:47,e,r
00:01,e,VhO
00:17,e,aJ
